关键词,频次
便宜,1844
价格,800
优惠,779
贵,698
科技,385
成本,327
技术,226
经济,181
收费,151
费用,140
驾驶,95
交通,93
服务,86
东西,66
司机,63
萝卜,53
脾气,52
出租车,51
打车,44
速度,38
胆子,37
地方,37
生活,35
车子,31
工作,31
人口,31
车,31
孩子,29
素质,28
师傅,26
格局,24
体验,24
划算,23
生意,23
社会,21
环境,21
情绪,21
机器,21
位置,20
资本,20
问题,20
效率,19
工资,18
身材,17
性价比,17
天气,17
空间,16
市场,16
车辆,16
主播,16
房子,15
信号,15
工业,14
出租,14
流量,14
感觉,13
发展,13
压力,12
车费,12
定位,12
收入,12
公交,12
开车,11
食品,11
劳动力,11
广告,10
人工,10
碰瓷,10
公交车,10
公司,10
水平,9
路况,9
面积,9
体验感,9
平台,9
后台,9
效果,8
力量,8
事故,8
声音,8
车速,8
质量,8
电脑,7
思路,7
行业,7
单车,7
安全性,7
马车,7
汽车,7
科技发展,7
环保,7
脑子,7
蛋糕,7
玩意,7
乘客,7
约车,7
导航,7
味道,6
停车,6
数量,6
网络,6
门槛,6
设计,6
学历,6
风险,6
身体,6
坐车,6
视频,6
危害,6
文化,6
说话,6
滴滴,6
冲击,6
觉悟,6
日子,5
数据,5
就业,5
历史,5
快递,5
场景,5
出行,5
安全,5
系统,5
企业,5
消费,5
目光,5
距离,5
竞争,5
道路,5
待遇,4
时间,4
网购,4
涨价,4
生存,4
堵车,4
影响,4
智能,4
性格,4
条件,4
操作,4
业务,4
方法,4
运气,4
交警,4
车祸,4
游戏,4
空气,4
6公里,4
网约车,4
行李,4
心情,4
方向,4
年龄,4
口音,4
危险系数,4
福利,4
方案,4
国家,4
思维,3
体力,3
辐射,3
驾校,3
危险性,3
心态,3
前景,3
手机,3
物质,3
现实,3
股东,3
区域,3
上路,3
火车,3
后果,3
电费,3
情商,3
建议,3
人力,3
公路,3
卫生,3
纸条,3
生育,3
规模,3
刹车,3
包车,3
婆娘,3
粮食,3
公车,3
演员,3
岗位,3
油耗,3
房间,3
长途,3
跑车,3
世界,3
低价,3
电车,3
弊端,3
能力,3
油费,3
外卖,3
设备,3
保险,3
项目,3
办法,3
管理,3
超市,2
补贴,2
生命,2
新车,2
肌肉,2
投放,2
行为,2
时速,2
腿,2
权利,2
经济条件,2
规划,2
教育,2
电子,2
作用,2
小孩,2
辨识度,2
配置,2
高速,2
酒店,2
路程,2
房价,2
竞争力,2
悟性,2
房贷,2
水位,2
买菜,2
可能性,2
地铁,2
技能,2
话,2
利润,2
土地,2
老师,2
基数,2
无人驾驶,2
人口基数,2
眼界,2
眼光,2
饭碗,2
车牌,2
地域,2
本事,2
设置,2
地形,2
运营,2
吃相,2
人工智能,2
流水,2
客服,2
消费者,2
弹窗,2
资源,2
入场,2
脸,2
地点,2
手续,2
岁数,2
活动,2
原形,2
颜值,2
利益,2
想法,2
名字,2
驾驶车,2
家庭,2
价钱,2
群体,2
冲击力,2
商机,2
毛病,2
牌照,2
车流量,2
领域,2
事物,2
女性,2
警察,2
办公,2
沙发,2
人工成本,2
车技,2
乡村,2
消防,2
衣服,2
节奏,2
应响,2
干净,2
车流,2
水,1
生育率,1
房地产,1
次子,1
驾照,1
介格,1
年代,1
贡献,1
生存压力,1
占比,1
动作,1
学生,1
开支,1
农村,1
电视机,1
动物,1
种子,1
人流,1
八字,1
力度,1
危险,1
机率,1
手段,1
发展空间,1
种地,1
航母,1
韭菜,1
认知,1
生存空间,1
头脑,1
火灾,1
局面,1
危险领域,1
团结,1
女生,1
黑车,1
人员,1
专家,1
庄稼,1
含金量,1
漏洞,1
三元钱,1
谷歌,1
教练,1
反应,1
单子,1
潜力,1
运动,1
4公里,1
门面,1
包包,1
主插,1
毅力,1
武器,1
路宽,1
主持人,1
范围,1
勇气,1
簸箕,1
面貌,1
租车费,1
手,1
运行,1
套路,1
路费,1
网络车,1
内容,1
车企,1
海洋,1
火药,1
学费,1
支出,1
运动量,1
乘费,1
危害性,1
节省,1
乘车,1
单量,1
城市,1
模式,1
脑壳,1
充电,1
座车,1
听着,1
哲学,1
大哥,1
大爷,1
网速,1
购物,1
农田,1
火车站,1
情况,1
选材,1
就业空间,1
生产力，生产力提高是提高了生产效率，但他所提供的就业机会,1
土豆,1
赚钱,1
喷子,1
性质,1
心境,1
广东,1
饭店,1
表演,1
房本,1
免费,1
四肢,1
人间,1
见识,1
读书,1
台词,1
淘汰,1
货源,1
计算机,1
老师傅,1
职位,1
智商,1
立场,1
站位,1
境界,1
五官,1
驾驶证,1
医院,1
群演,1
技术含量,1
租金,1
作业,1
烟火,1
歌,1
军工,1
公平,1
彩礼,1
运算力,1
驾车,1
技术门槛,1
天价,1
因素,1
方式,1
保养维护,1
零件,1
f,1
田土,1
轮胎,1
科学,1
建筑,1
文化水平,1
安爪,1
行车,1
年级,1
车货,1
利息,1
功能,1
路面,1
就业方向,1
摄像头,1
就业机会,1
力气,1
优惠券,1
网盘,1
资金收入,1
高,1
逻辑,1
关照,1
打车费,1
科枝,1
面条,1
电动车,1
网店,1
候费,1
窗口,1
资本吃相,1
白条,1
妹子,1
动力,1
结果,1
贷款,1
看着,1
洗衣机,1
安全系数,1
运客量,1
测试,1
手脚,1
高级,1
平价,1
电鸡,1
公园里百渡车,1
民用,1
产量,1
观光车,1
学校,1
学习,1
座,1
芯片,1
小车,1
牌子,1
山路,1
小裙,1
叙事,1
科学家,1
丝袜,1
滤镜,1
运送,1
姑娘,1
车灯,1
司机头,1
大腿,1
寿命,1
行驶,1
工厂,1
肉袜,1
道路状况,1
程序,1
关键,1
交通事故,1
饭,1
裙子,1
体检,1
烟酒,1
女孩,1
风景,1
ai,1
着样,1
外观,1
伙食,1
游手,1
控制,1
弯路,1
辐射性,1
发财,1
势力,1
生财之道,1
路线规划,1
规矩,1
业务能力,1
责任,1
油价,1
卫星,1
人性化,1
赛道,1
线路,1
门路,1
销量,1
阻挡,1
加速,1
支付宝,1
实验,1
江湖,1
事,1
损失,1
皮肤,1
渠道,1
理论,1
农业,1
厂业,1
发型,1
头发,1
隐患,1
职业,1
美瞳,1
架子,1
锅背,1
公务,1
厂家,1
客量,1
帽子,1
面包,1
买卖,1
战争,1
路子,1
修车,1
搬砖,1
成分,1
镜头,1
信誉,1
保养,1
步子,1
一个公司,1
客观,1
花费,1
很公平,1
门牙,1
热度,1
事情,1
想法 一般人是不明白的 支持技术,1
角色,1
编制,1
涨,1
运费,1
不涨,1
运价,1
四个人,1
转化率,1
发言,1
成果,1
人力资源,1
星程,1
品位,1
社保,1
清理,1
牙刷,1
公里,1
3公里,1
十块钱,1
支持,1
事业,1
三块,1
利率,1
甜品,1
人口体量,1
成长,1
世道,1
研究,1
眼睛,1
眼球,1
送餐,1
团队,1
画质,1
版型,1
面料,1
产品,1
高度,1
美团,1
印象,1
行驶里程,1
炖肉,1
跑,1
平原,1
盒饭,1
体验感变,1
科技落后西方多少年，以至于被打开国门，就有人说有人瞧不上那些奇技淫巧，或者是新技术,1
公交地铁,1
意,1
威力,1
工地,1
行动,1
医疗,1
肉丝,1
腿腿,1
体量,1
点子,1
小姐姐,1
概率,1
处理,1
很中肯,1
脚丫,1
投资,1
算法,1
牛肉,1
好,1
飞车,1
机会,1
股价,1
体质,1
驾使,1
洗牌,1
玩具,1
感应,1
配送,1
坏,1
智驾,1
机器人,1
人家,1
车车,1
飞机,1
葡萄,1
驶车,1
会员,1
小区,1
投放量,1
包容性,1
